,0
0,16.2 Benchmarking
1,"The Parties undertake to ensure that the price of Services will remain competitive in comparison to the general market price level for equivalent Services, while taking the special characteristics of the Agreement, Service and delivery into account. The Benchmarking procedure is an important tool for evaluating the achievement of this principle during the Contract Term. The prices of Services may decrease or increase as a result of a Benchmarking project. Benchmarking will be implemented according to the following principles:"
2,"The Client may launch a Benchmarking project no more often than once per calendar year, but not before eighteen (18) months have passed from the Transition Projects Final Acceptance. Accenture can propose the launch of a Benchmarking project in accordance with the Governance Model."
3,"It is the Parties' objective that every Benchmarking project will be completed as quickly as reasonably possible. For its part, each Party will be responsible for the Benchmarking results being ready no later than four (4) months after the start of the project. The client and Accenture will be equally responsible for the availability of information required for the Benchmarking project according to the schedule, and for the sufficient accuracy and extent of the delivered information. "
4,16.2.2 Benchmarking Provider
5,"The Parties will jointly select an independent, high quality Benchmarking provider (hereinafter referred to as the Benchmarking provider) to implement the Benchmarking project. The Benchmarking provider must commit to a non-disclosure agreement, whose terms and conditions have been accepted by both Parties. The Parties will, as a rule, rely on the chosen Benchmarking provider's definitions, procedures, methods and professional discretion relating to the execution of the Benchmarking project. "
6,The following key requirements will be set for the Benchmarking provider:
7,	The company must be able to demonstrate experience of executing benchmarking projects in similar application service environments
8,	The company has access to a reliable and extensive set of benchmarking reference data
9,16.2.3 The Parties will split the fees / costs of the Benchmarking provider (50 / 50). The Service Recipient and Provider will each be responsible for their own costs relating to the Benchmarking project.
10,"16.2.4 Once Parties have received the results of the Benchmarking project, the Parties will meet within 15 days to discuss, in a constructive spirit, a plan for changing the prices and other aspects of the Service to correspond to the level of the Benchmark target price. This will only be done if the total service price or a unit price differs from the Benchmark target price. Changes made on the basis of Benchmarking projects have been limited as follows:"
11,"16.2.5 The Benchmarking project results include also sufficient information on how the Benchmark target price was calculated, so that the Parties can verify the quality of the Benchmarking project results. However, this information must not contain information that can endanger the confidentiality of the peer group organisations and their data."
12,"16.2.6 If the Parties are unable to agree on the changes to the Agreement within 60 days of receiving the Benchmarking results, the Benchmarking provider will be invited to take part in the negotiations so that a solution might be found. In such cases, the Benchmarking provider will negotiate together and individually with each Party and make a proposal for resolving the situation. The final decision on changing the prices and/or other possible actions will be made according to the Governance Model, at a sufficiently high escalation level. It is of the Parties intent that the new prices based on the Benchmarking project will be used within 90 days from receiving the Benchmarking results."
