,0
0,16.2 Benchmarking
1,"Client may, by providing 15 days notice to Accenture, during the Term instruct the Benchmarker to "
2,separately carry out Benchmarking. The Benchmark Process may not be conducted until the expiry of 
3,may not be subject to a Benchmark more than once every 12 months.The Parties shall bear their own 
4,"individual costs incurred in participating in a Benchmark Process, pay an equal share of the "
5,Benchmark Charges and each co-operate with each other and with the Benchmarker in good faith in 
6,"relation to each Benchmark, and neither Party shall impede the Benchmarker in carrying out a "
7,"Benchmarking. If the Charges are equal to or less than the Fair Market Price, then the Charges shall "
8,"be unaffected by the Benchmark.If the Benchmarking result indicates higher price, and  If Accenture "
