,0
0,16.2 Benchmarking
1,"16.2.1 Client shall be entitled, by giving written notice to the Supplier, to Benchmark once every "
2,"Contract Year, provided that the first such Benchmark may take place no earlier than 24 (twenty "
3,four) months following the Service Commencement Date and subsequent Benchmarks cannot 
4,take place within 1 year of a previous Benchmark. The parties shall agree which organization 
5,"from the list of organizations , which shall conduct each Benchmark, or such other organization "
6,that the parties mutually agree at the time of Benchmark. the Supplier shall mutually agree on a 
7,that are similar to the Benchmarked Services and for which the Benchmarker is able to obtain 
8,a.The Benchmarker will promptly prepare the Benchmark Results and provide the same to
9,Nationwide and the Supplier no later than 90 days from the conclusion of the Benchmark.
10,Client and the Supplier will review the Benchmark Results and raise any issues with the
11,Benchmarker regarding such results during the Benchmark Review Period.  The Benchmarker 
12,"16.2.2 Benchmark Results, including any approved revisions. The Benchmarker will not be"
13,a result of manifest error in the Benchmark Results. Client and the Supplier will resolve any
14,"disagreement related to the Benchmark using the Dispute Resolution Procedure
"
