,0
0,16.1 Limitation of Liability
1,"Each partys liability, whether in contract, tort, or any other theory of liability, arising out of or in connection with this Agreement, shall not exceed the lesser of: (a) 100 % of the total amount paid and/or payable to Supplier by XYZ under this Agreement during the eighteen (18) month preceding the event giving rise to the claim, or (b) ($total contract value). "
2,"Neither party will be liable for consequential, incidental, special, indirect, or punitive damages, or for loss of revenue or profit in connection with the performance or failure to perform under this Agreement regardless of whether such liability arises from breach of contract, tort (including negligence), or any other theory of liability."
3,"The limitations of liability set forth in a. and b., above, shall not apply to either partys obligations as set forth in Section xx (Information), xx (Infringement of Third Party Intellectual Property Rights), to either partys obligations to indemnify for personal injury (including death) under Section xx (Indemnity) or XYZs non-performance of its payment obligations for Services provided or for termination or related charges pursuant to this Agreement."
4,	The company uses a reliable and high quality model for the normalisation of reference data
5,	The company has access to a reliable and extensive set of benchmarking reference data
