,0
0,16.1 Limitation of Liability
1,"Each Partys (and its Affiliates and subcontractors) liability whether based upon an action or claim in contract, tort (including negligence), warranty, misrepresentation, equity or otherwise (including any action or claim arising from the acts or omissions of the liable Party (or, as the case may be, its Affiliate), including any indemnity, or in any manner related to arising from or in connection with this Agreement for damages which will not in the aggregate exceed an amount equal to the charges for Services paid to Accenture under the SOW giving rise to such liability during the six-month (6) period immediately preceding the most recent event giving rise to the claim."
2,	The company uses a reliable and high quality model for the normalisation of reference data
3,	The company has access to a reliable and extensive set of benchmarking reference data
